loss,acc
0.17339652733504773,0.9417499899864197
